{"cameraMode":{"drawMode":0,"name":"Shaded","section":"Shading Mode"},"sceneLighting":false,"audioPlay":false,"sceneViewState":{"m_AlwaysRefresh":false,"showFog":true,"showSkybox":true,"showFlares":true,"showImageEffects":true,"showParticleSystems":true,"showVisualEffectGraphs":true,"m_FxEnabled":true},"in2DMode":false,"pivot":{"x":-21.778226852416993,"y":-16.611099243164064,"z":-14.462285995483399},"rotation":{"x":0.1843315213918686,"y":-0.008845089003443718,"z":0.001657339627854526,"w":0.9828320145606995},"size":34.60947799682617,"orthographic":false}