{"cameraMode":{"drawMode":0,"name":"Shaded","section":"Shading Mode"},"sceneLighting":false,"audioPlay":false,"sceneViewState":{"m_AlwaysRefresh":false,"showFog":true,"showSkybox":true,"showFlares":true,"showImageEffects":true,"showParticleSystems":true,"showVisualEffectGraphs":true,"m_FxEnabled":true},"in2DMode":false,"pivot":{"x":0.9521560668945313,"y":-104.90339660644531,"z":12.168516159057618},"rotation":{"x":-0.4870459735393524,"y":-0.06617561727762222,"z":0.037025194615125659,"w":-0.8700838088989258},"size":74.34151458740235,"orthographic":false}