{"cameraMode":{"drawMode":0,"name":"Shaded","section":"Shading Mode"},"sceneLighting":false,"audioPlay":false,"sceneViewState":{"m_AlwaysRefresh":false,"showFog":true,"showSkybox":true,"showFlares":true,"showImageEffects":true,"showParticleSystems":true,"showVisualEffectGraphs":true,"m_FxEnabled":true},"in2DMode":false,"pivot":{"x":144.90914916992188,"y":-316.7838439941406,"z":-971.4063720703125},"rotation":{"x":0.017820417881011964,"y":0.9777077436447144,"z":-0.18733316659927369,"w":0.09296560287475586},"size":708.3643798828125,"orthographic":false}