{"cameraMode":{"drawMode":0,"name":"Shaded","section":"Shading Mode"},"sceneLighting":false,"audioPlay":false,"sceneViewState":{"m_AlwaysRefresh":false,"showFog":true,"showSkybox":true,"showFlares":true,"showImageEffects":true,"showParticleSystems":true,"showVisualEffectGraphs":true,"m_FxEnabled":true},"in2DMode":false,"pivot":{"x":-0.7294124960899353,"y":-78.35267639160156,"z":-481.7807922363281},"rotation":{"x":0.19923333823680879,"y":0.03292149677872658,"z":0.006679279264062643,"w":-0.9793810248374939},"size":25.82761573791504,"orthographic":false}