{"cameraMode":{"drawMode":0,"name":"Shaded","section":"Shading Mode"},"sceneLighting":false,"audioPlay":false,"sceneViewState":{"m_AlwaysRefresh":false,"showFog":true,"showSkybox":true,"showFlares":true,"showImageEffects":true,"showParticleSystems":true,"showVisualEffectGraphs":true,"m_FxEnabled":true},"in2DMode":false,"pivot":{"x":-8.520456314086914,"y":-92.58231353759766,"z":10.52691650390625},"rotation":{"x":0.05064568668603897,"y":0.030553925782442094,"z":0.0015473774401471019,"w":-0.9982571005821228},"size":28.43008804321289,"orthographic":false}