{"cameraMode":{"drawMode":0,"name":"Shaded","section":"Shading Mode"},"sceneLighting":false,"audioPlay":false,"sceneViewState":{"m_AlwaysRefresh":false,"showFog":true,"showSkybox":true,"showFlares":true,"showImageEffects":true,"showParticleSystems":true,"showVisualEffectGraphs":true,"m_FxEnabled":true},"in2DMode":false,"pivot":{"x":211.7979278564453,"y":2268.60009765625,"z":187.3231201171875},"rotation":{"x":0.09013815224170685,"y":-0.032864127308130267,"z":0.002976266434416175,"w":0.9953839778900147},"size":303.6882629394531,"orthographic":false}