{"cameraMode":{"drawMode":0,"name":"Shaded","section":"Shading Mode"},"sceneLighting":false,"audioPlay":false,"sceneViewState":{"m_AlwaysRefresh":false,"showFog":true,"showSkybox":true,"showFlares":true,"showImageEffects":true,"showParticleSystems":true,"showVisualEffectGraphs":true,"m_FxEnabled":true},"in2DMode":false,"pivot":{"x":4.577760696411133,"y":-74.30000305175781,"z":9.319997787475586},"rotation":{"x":0.02167094685137272,"y":0.21632716059684754,"z":0.004768869373947382,"w":-0.9760969281196594},"size":0.8660253882408142,"orthographic":false}