{"cameraMode":{"drawMode":0,"name":"Shaded","section":"Shading Mode"},"sceneLighting":false,"audioPlay":false,"sceneViewState":{"m_AlwaysRefresh":false,"showFog":true,"showSkybox":true,"showFlares":true,"showImageEffects":true,"showParticleSystems":true,"showVisualEffectGraphs":true,"m_FxEnabled":true},"in2DMode":false,"pivot":{"x":0.07899653911590576,"y":-30.57455825805664,"z":7.269676685333252},"rotation":{"x":-0.0707014873623848,"y":-0.03829885274171829,"z":0.0026979066897183658,"w":-0.9967893958091736},"size":3.6017279624938967,"orthographic":false}