{"cameraMode":{"drawMode":0,"name":"Shaded","section":"Shading Mode"},"sceneLighting":false,"audioPlay":false,"sceneViewState":{"m_AlwaysRefresh":false,"showFog":true,"showSkybox":true,"showFlares":true,"showImageEffects":true,"showParticleSystems":true,"showVisualEffectGraphs":true,"m_FxEnabled":true},"in2DMode":false,"pivot":{"x":-0.14290852844715119,"y":-9.33913516998291,"z":14.057324409484864},"rotation":{"x":-0.052786219865083697,"y":0.0005977435503154993,"z":-0.00003451691009104252,"w":-0.9986191391944885},"size":10.899999618530274,"orthographic":false}