{"cameraMode":{"drawMode":0,"name":"Shaded","section":"Shading Mode"},"sceneLighting":false,"audioPlay":false,"sceneViewState":{"m_AlwaysRefresh":false,"showFog":true,"showSkybox":false,"showFlares":true,"showImageEffects":true,"showParticleSystems":true,"showVisualEffectGraphs":true,"m_FxEnabled":true},"in2DMode":false,"pivot":{"x":0.2009735107421875,"y":5.184189796447754,"z":-0.031856536865234378},"rotation":{"x":-0.02278132736682892,"y":0.048565372824668887,"z":-0.0011211755918338895,"w":-0.9985600709915161},"size":15.372868537902832,"orthographic":false}