{"cameraMode":{"drawMode":0,"name":"Shaded","section":"Shading Mode"},"sceneLighting":false,"audioPlay":false,"sceneViewState":{"m_AlwaysRefresh":false,"showFog":true,"showSkybox":false,"showFlares":true,"showImageEffects":true,"showParticleSystems":true,"showVisualEffectGraphs":true,"m_FxEnabled":true},"in2DMode":false,"pivot":{"x":-220.0465087890625,"y":17.518930435180665,"z":-119.76384735107422},"rotation":{"x":0.023689277470111848,"y":-0.6495475172996521,"z":-0.02027934044599533,"w":-0.7596873044967651},"size":37.381187438964847,"orthographic":false}