{"cameraMode":{"drawMode":0,"name":"Shaded","section":"Shading Mode"},"sceneLighting":false,"audioPlay":false,"sceneViewState":{"m_AlwaysRefresh":false,"showFog":true,"showSkybox":false,"showFlares":true,"showImageEffects":true,"showParticleSystems":true,"showVisualEffectGraphs":true,"m_FxEnabled":true},"in2DMode":false,"pivot":{"x":18.154146194458009,"y":-66.270751953125,"z":-109.57251739501953},"rotation":{"x":0.1488332450389862,"y":-0.011865480802953244,"z":0.0017845510737970472,"w":0.9888010621070862},"size":28.487775802612306,"orthographic":false}