{"cameraMode":{"drawMode":0,"name":"Shaded","section":"Shading Mode"},"sceneLighting":false,"audioPlay":false,"sceneViewState":{"m_AlwaysRefresh":false,"showFog":true,"showSkybox":false,"showFlares":true,"showImageEffects":true,"showParticleSystems":true,"showVisualEffectGraphs":true,"m_FxEnabled":true},"in2DMode":false,"pivot":{"x":0.28999996185302737,"y":0.4500007629394531,"z":9.819998741149903},"rotation":{"x":-0.015346522442996502,"y":-0.4085216522216797,"z":0.006859656423330307,"w":-0.9125816226005554},"size":22.643003463745118,"orthographic":false}